OUTPUT,MAE,MAPE,MSE,RMSE,RMSPE,R2
CHF,33.64127,2.1986162289977074,2725.6545,52.207806,3.1492818146944046,0.9984310865402222
