OUTPUT,MAE,MAPE,MSE,RMSE,RMSPE,R2,PCC,CONVERSION_TIME
fission_gas,8.615730304766e-08,0.2800445721998524,1.544207e-14,1.2426611727607e-07,0.41101674764960827,0.9937028553959504,0.9969097074793437,3.5753612518310547
max_fuel_cl_T,1.8465094737198247,0.11651166920063208,7.31701660741223,2.704998448689431,0.17336618693641664,0.9939682044135018,0.9971126243258316,3.5753612518310547
max_fuel_surf_T,0.8319866161013285,0.11787321057679637,1.6332985684367423,1.278005699688676,0.17992102316143604,0.9754816173844684,0.9881340489690409,3.5753612518310547
radial_clad_T,5.239062184916e-08,0.27521911050922576,5.65331e-15,7.518848110784e-08,0.4084979897993737,0.9902819601914318,0.9952546942822043,3.5753612518310547
