OUTPUT,MAE,MAPE,MSE,RMSE,RMSPE,R2
T,10.023804,0.7781580090522766,1010.1341,31.782606,2.475130930542946,0.9525489211082458
