OUTPUT,MAE,MAPE,MSE,RMSE,RMSPE,R2
A-2,4.3510284,0.016830634558573365,27.663137,5.259576,0.020349089754745364,0.9974130988121033
