OUTPUT,MAE,MAPE,MSE,RMSE,RMSPE,R2
k,4.556338e-05,0.003645294054877013,1.1634413e-08,0.000107862936,0.0087170563347172,0.9997984766960144
