OUTPUT,MAE,MAPE,MSE,RMSE,RMSPE,R2
K-eff,0.0035866476,0.42225439101457596,4.7821595e-05,0.006915316,0.870755035430193,0.993921160697937
Max3Pin,0.10779014,2.414325997233391,0.070466906,0.26545602,6.098874658346176,0.9725725650787354
Max4Pin,0.11499423,2.5053154677152634,0.08564283,0.29264796,6.416825205087663,0.9711362719535828
F-delta-H,0.0153896995,0.9607154875993729,0.00064945495,0.025484405,1.5242739580571651,0.9847221970558167
Max-Fxy,0.0106726475,0.6055854260921478,0.0011654219,0.034138277,2.0470773801207542,0.48908311128616333
