OUTPUT,MAE,MAPE,MSE,RMSE,RMSPE,R2
CHF,34.091187,3.216880932450294,3653.393,60.443306,6.016291677951814,0.9980360269546509
