OUTPUT,MAE,MAPE,MSE,RMSE,RMSPE,R2
CHF,48.994087,3.067326731979847,6849.846,82.763794,5.718626454472542,0.9964985847473145
