OUTPUT,MAE,MAPE,MSE,RMSE,RMSPE,R2
CHF,27.519375,1.9671376794576643,1957.8085,44.24713,2.7422545477747917,0.9988730549812317
