OUTPUT,MAE,MAPE,MSE,RMSE,RMSPE,R2
fission_gas,6.683672e-08,0.21711671724915504,1.03633e-14,1.01800275e-07,0.3289711195975542,0.9957739114761353
max_fuel_cl_T,2.113502,0.13269648188725114,7.8914537,2.809173,0.17636828124523163,0.9934946894645691
max_fuel_surf_T,1.4264354,0.20289854146540162,3.5796974,1.8920088,0.26922866236418486,0.9462631940841675
radial_clad_T,6.1663286e-08,0.3193910466507077,5.57875e-15,7.4691e-08,0.38464462850242853,0.9904101490974426
