OUTPUT,MAE,MAPE,MSE,RMSE,RMSPE,R2
T,7.981024,0.6322710774838924,668.71936,25.85961,2.058068849146366,0.9704767465591431
