OUTPUT,MAE,MAPE,MSE,RMSE,RMSPE,R2
T,11.21923,0.9115117602050306,1342.3806,36.63851,3.047659620642662,0.94084632396698
