OUTPUT,MAE,MAPE,MSE,RMSE,RMSPE,R2
T,11.0246,0.8457341231405734,1236.0812,35.157948,2.6949388906359673,0.9419350028038025
