OUTPUT,MAE,MAPE,MSE,RMSE,RMSPE,R2
fluxQ1,0.0005066194,0.20256303250789642,4.2063493e-07,0.0006485637,0.25887666270136833,0.976043701171875
fluxQ2,0.000566949,0.2266688272356987,5.248546e-07,0.0007244685,0.28903179336339235,0.9701080918312073
fluxQ3,0.00054973457,0.21952912211418152,4.893559e-07,0.0006995398,0.2789177466183901,0.9721298217773438
fluxQ4,0.00052040437,0.20785853266716003,4.4037168e-07,0.00066360505,0.2647536341100931,0.9749196171760559
