OUTPUT,MAE,MAPE,MSE,RMSE,RMSPE,R2
A-2,5.0975585,0.019729453197214752,42.361652,6.508583,0.025208256556652486,0.9968063235282898
