OUTPUT,MAE,MAPE,MSE,RMSE,RMSPE,R2
A-2,4.280827,0.01655639207456261,30.697525,5.540535,0.021430729248095304,0.9971293807029724
