OUTPUT,MAE,MAPE,MSE,RMSE,RMSPE,R2
A-2,4.3296485,0.016750952636357397,31.253162,5.590453,0.021647335961461067,0.9973548054695129
