OUTPUT,MAE,MAPE,MSE,RMSE,RMSPE,R2
B-1,4.1043816,0.018050146172754467,30.88389,5.5573277,0.024456833489239212,0.9983720183372498
B-2,3.5406706,0.016420941392425448,23.158476,4.8123255,0.022347313642967492,0.998905599117279
B-4,3.565423,0.015614145377185196,19.86817,4.4573727,0.01951433514477685,0.9986337423324585
B-5,3.5086133,0.016062289068941027,21.151627,4.5990896,0.021055662364233285,0.9987834095954895
B-7,3.9347653,0.017282537010032684,26.475914,5.145475,0.022598859504796565,0.9982097148895264
B-8,4.667715,0.022054548026062548,37.54204,6.1271563,0.02898794482462108,0.9977964162826538
