OUTPUT,MAE,MAPE,MSE,RMSE,RMSPE,R2
max_power,4.9357796,2.594723179936409,43.77348,6.6161532,6.100342050194739,0.9989723563194275
burst_width,0.0057110316,1.3675683178007603,0.00033943678,0.01842381,2.12621483951807,0.9824997782707214
max_TF,1.6909559,0.17918358789756894,5.508545,2.347029,0.2526325173676014,0.9957446455955505
avg_Tcool,0.02818512,0.005017624062020332,0.001399208,0.03740599,0.006654842582065611,0.9974866509437561
