OUTPUT,MAE,MAPE,MSE,RMSE,RMSPE,R2
k,3.617684e-05,0.002894022873078939,1.26623965e-08,0.00011252732,0.009037479321705177,0.9997806549072266
