OUTPUT,MAE,MAPE,MSE,RMSE,RMSPE,R2
k,4.978498e-05,0.003977398591814563,3.6967174e-09,6.0800638e-05,0.004853203790844418,0.999927818775177
