OUTPUT,MAE,MAPE,MSE,RMSE,RMSPE,R2
k,4.984021e-05,0.003979535904363729,3.6354049e-09,6.029432e-05,0.0048115645768120885,0.9999358057975769
