OUTPUT,MAE,MAPE,MSE,RMSE,RMSPE,R2
k,4.0674608e-05,0.003262599057052284,2.7283232e-08,0.00016517636,0.01338106521870941,0.9995274543762207
